username,date,likes,comments,views,hashtags,caption
cristiano,2024-06-22 18:57:09,7198697,78974,0,,"Apurados e primeiro lugar garantido ğŸ‡µğŸ‡¹ Orgulho nesta equipa, somos Portugal!"
cristiano,2024-06-21 18:29:26,3981335,35115,0,,Preparados ğŸ‡µğŸ‡¹
cristiano,2024-06-20 18:58:36,6274978,32110,0,,"ğŸ‡µğŸ‡¹ UniÃ£o, foco e compromisso."
cristiano,2024-06-18 21:42:35,10261488,79359,0,,"AtÃ© ao fim, Portugal!!!"
cristiano,2024-06-18 12:47:42,4644315,55263,14917468,partilhaapaixÃ£o,"Portugueses,
Hoje comeÃ§a mais um capÃ­tulo da nossa histÃ³ria. Lembro-me com carinho do meu primeiro dia com a seleÃ§Ã£o, uma jornada repleta de desafios e vitÃ³rias. Agora, tenho a honra de estar novamente ao lado de uma equipa de campeÃµes, cheia de talento e determinaÃ§Ã£o. Com a forÃ§a e o apoio de todos, transformamos sonhos em realidade. Vamos, juntos, lutar por mais um triunfo. Unidos, somos imparÃ¡veis. 
ForÃ§a Portugal! ğŸ‡µğŸ‡¹ğŸ’ª #PartilhaAPaixÃ£o"
cristiano,2024-06-17 07:28:33,11763687,78179,0,,"Nem acredito que jÃ¡ tens 14 anos, o tempo voa. ParabÃ©ns, meu parceiro! O pai ama-te muito. ğŸ‚"
cristiano,2024-06-16 21:24:01,5900245,32024,0,,ğŸ‡µğŸ‡¹
cristiano,2024-06-14 20:14:37,6430133,32030,0,,Parece mesmo que ainda estamos em Portugal! Obrigado pelo apoio â¤ï¸
cristiano,2024-06-14 14:03:23,1074368,7802,0,,"SIIIMMM!
The limited edition Portugal NFTs are available now on Binance.

Join the auction for your chance to win your exclusive CR7 experience with me.

Click on the link in bio - VAMOS!"
cristiano,2024-06-13 19:58:40,1535175,12006,5832627,newfragrance cr7discover cr7fragrances cr7,"Happy to announce my new fragrance.
Feel the power of DISCOVER and get ready for your summer! Â â˜€ï¸ 
Â 
#NEWFRAGRANCE #CR7DISCOVER #CR7FRAGRANCES #CR7"
cristiano,2024-06-13 13:52:10,7767034,39421,0,,Seguimos com Portugal no â¤ï¸
cristiano,2024-06-11 21:02:09,10241088,105158,0,,"Grande vitÃ³ria, equipa! ğŸ‡µğŸ‡¹ Rumo ao Europeu!"
cristiano,2024-06-11 20:06:40,6995596,73937,32695950,partilhaapaixÃ£o sharethepassion,Priceless ğŸ¥¹â¤ï¸ğŸ’š #PartilhaAPaixÃ£o #ShareThePassion
cristiano,2024-06-10 09:47:24,5175736,35194,0,,"Feliz Dia de Portugal, de CamÃµes e das Comunidades Portuguesas! ğŸ‡µğŸ‡¹â¤ï¸"
cristiano,2024-06-09 19:50:55,3243075,12838,0,,Foi um prazer conhecer a vossa histÃ³ria. SÃ£o uma inspiraÃ§Ã£o para nÃ³s e para Portugal ğŸ‡µğŸ‡¹ @ironbrotherstriathlon
cristiano,2024-06-09 13:07:35,7617706,48744,0,,Dia especial. Por eles. Para eles. â¤ï¸
cristiano,2024-06-07 14:45:59,5779306,50027,0,,MissÃ£o Europeu ğŸ‘ğŸ‡µğŸ‡¹
cristiano,2024-06-07 07:00:58,2776945,18502,10605042,,@uflgame Open Beta starts today. Try it on PS5 and Xbox Series X|S! For free! June 7-9. Hope to see you there!
cristiano,2024-06-06 15:59:11,2468166,15054,0,,"The second drop of my latest NFT Collection with Binance takes us to Madrid, Turin and Saudi.

Collect all 6 locations and you could win a chance to meet me! Real benefits, real winners and more exclusively on Binance NFT. 

Click the link in my bio to find out more!"
cristiano,2024-06-06 09:14:42,5863106,34687,0,,Family first â™¥ï¸
cristiano,2024-06-05 09:19:02,5555970,38356,0,,Feliz aniversÃ¡rio aos meus amores Eva e Mateo! âœ¨ğŸ‰ O Pai ama-vos muito
cristiano,2024-06-03 11:31:50,9308939,83667,0,,"Recharging â˜€ï¸

@visitredsea @visitsaudi"
cristiano,2024-06-01 19:50:31,7181315,74895,0,,"Play, learn, grow, repeat. ğŸ” Thank you all for your support this season. We will come back even stronger!"
cristiano,2024-05-29 18:00:13,7520924,54257,0,roshnsaudileague yallarsl,"Cristiano Ronaldo receives the #RoshnSaudiLeague Top Scorer award! ğŸ

Ø§Ù„ØªØ§Ø±ÙŠØ®ÙŠ ğŸ

ÙƒØ±ÙŠØ³ØªÙŠØ§Ù†Ùˆ Ø±ÙˆÙ†Ø§Ù„Ø¯Ùˆ ÙŠÙÙˆØ² Ø¨Ø¬Ø§Ø¦Ø²Ø© Ø£ÙØ¶Ù„ Ù‡Ø¯Ø§Ù Ø¹Ù† Ù…ÙˆØ³Ù… 2023-2024 âœ¨

#yallaRSL"
cristiano,2024-05-29 08:00:45,1678529,17370,8308072,binance,"Introducing my newest NFT collection which launches today on #Binance.

Forever Worldwide: The Road to Saudi Arabia celebrates my football journey, with artwork created by artists in Portugal, Manchester, Madrid, Turin and Saudi Arabia.

To find out more click the link in my bio."
cristiano,2024-05-28 09:27:29,4027881,69560,12259295,,"Proud to make history as the first top scorer in 4 countries ğŸ´ó §ó ¢ó ¥ó ®ó §ó ¿ ğŸ‡ªğŸ‡¸ ğŸ‡®ğŸ‡¹ ğŸ‡¸ğŸ‡¦ A huge thank you to all the clubs, teammates and staff who helped me along the way."
cristiano,2024-05-27 22:00:29,6160142,102822,0,,"I don't follow the records, the records follow me. ğŸ‡¸ğŸ‡¦"
cristiano,2024-05-27 20:56:12,6724398,57435,0,,This is @alnassr! Letâ€™s go to Jeddah! ğŸ’ª
cristiano,2024-05-24 14:34:42,4426061,32482,0,binance,"Are you ready to relive our journey together?
My 4th NFT Collection on #Binance launching soon!
Register now through my link in bio!"
cristiano,2024-05-21 12:50:23,6894500,60843,0,partilhaapaixÃ£o,Orgulhoso por voltar a representar @portugal no Euro. Vamos com tudo! #PartilhaAPaixÃ£o
cristiano,2024-05-19 11:24:46,8348660,35780,0,,Only in Riyadh! ğŸ¥Š ğŸ”¥
cristiano,2024-05-15 18:16:37,2608006,51959,10923390,,"I canâ€™t live without @WHOOP â€” the wearable that tracks everything from my sleep and recovery, to training and stress. This week, I sat down with the founder and CEO, @WillAhmed, to talk about my data and how it drives me every day to keep pushing to stay in the game. Click the link in my bio to watch the full episode and to join me on WHOOP and unlock your own peak performance."
cristiano,2024-05-13 10:28:04,4314254,43034,22704272,,"Greatness is the Goal âš½ï¸
To stay at the top of your game, it takes knowing your body inside and out. Iâ€™ve been wearing @whoop for years to help me perform at my best, finding ways to fine tune my sleep, improve my training, and recover better. Iâ€™m excited to officially be a partner of WHOOP â€” stay tuned for more exciting updates. ğŸ‘€"
cristiano,2024-05-09 20:25:33,5238046,38871,0,,Never give up! ğŸ”¥ LET'S GO!!
cristiano,2024-05-07 17:00:04,2975135,36932,14849559,bestmoves liveyourbestlife,"My best moves start with the best nutrients. Thatâ€™s why I donâ€™t go anywhere without @herbalife Formula 1 to keep me at peak performance. I call this move The Formula 1 Shot.

#BestMoves #LiveYourBestLife"
cristiano,2024-05-06 10:35:26,4552149,51931,19688944,,Always work hard! ğŸ’ª Come train with me on the @erakulis app!
cristiano,2024-05-05 09:22:48,11232123,55173,0,,Feliz dia da mÃ£e para as melhores do mundo â¤ï¸
cristiano,2024-05-04 20:21:19,6112329,58227,0,,"Feeling great, thanks team and fans! ğŸŒŸâš½âš½âš½"
cristiano,2024-05-01 20:32:57,5715570,50197,0,,King's Cup final! Let's GO! ğŸ‘
cristiano,2024-04-30 20:27:58,4992186,35223,0,,Ready ğŸ‘Œ
cristiano,2024-04-28 16:12:01,7752053,77775,0,,ğŸ‘ŒğŸ¥ğŸ«¶
cristiano,2024-04-27 21:30:18,5924575,30975,0,,"Happy with the win, letâ€™s keep it going! ğŸ”¥"
cristiano,2024-04-25 15:57:04,1745717,14098,8960108,,"Have you ever seen anything like this? 

Nature and Madeira Island are just one. Venture outdoors, discover unforgettable landscapes and create memories that will last forever. Come feel alive, Madeira is waiting for you!

@visitmadeira"
cristiano,2024-04-24 15:13:22,5609500,42438,0,,ğŸ‘ğŸ˜
cristiano,2024-04-22 16:30:04,15490771,92990,0,,Happiness â¤ï¸
cristiano,2024-04-18 07:21:24,6562468,42693,0,angelybella,Felicidades mi amor te amamos #AngelyBella ğŸ¥°â¤ï¸
cristiano,2024-04-17 14:53:01,7202467,70570,0,,"Hey, donâ€™t forget to hydrate!ğŸ’§

@ursu9_official"
cristiano,2024-04-15 17:01:01,5611431,43268,0,,Keep working ğŸ‘Š
cristiano,2024-04-12 20:04:03,6565107,42039,0,,Back to work
cristiano,2024-04-10 15:25:27,10516645,167656,0,,"Eid Mubarak! Wishing you all joy, peace and happiness on this special day."
kyliejenner,2024-06-23 23:16:56,1198361,2917,0,,sheâ€™s baaaaack ğŸ‡«ğŸ‡·
kyliejenner,2024-06-23 19:22:59,546966,2215,1703291,,DROP 007: POPLIN ğŸ¤ the cuuutest new summer sets coming 06/27 @khy
kyliejenner,2024-06-23 01:32:02,4232769,8467,0,,nyc ğŸ¤ğŸ» khy
kyliejenner,2024-06-22 20:05:35,1920045,7910,11055388,,made my favorite new summer dress. @khy poplin drop coming 6/27 ğŸ–¤ğŸ–¤
kyliejenner,2024-06-22 15:55:54,995083,1933,0,,Drop 007: Poplin. coming 06/27 khy.com
kyliejenner,2024-06-21 18:54:42,4623739,7815,0,,itâ€™s a POPLIN summer. ğŸ¤ pretty in love with our new @khy drop coming 6/27. khy.com
kyliejenner,2024-06-21 16:17:05,1601057,3645,0,,KHY DROP 007: POPLIN coming 6/27. sign up for early access on Khy.com
kyliejenner,2024-06-20 17:13:55,607232,2511,2511775,,COMING 6/27 @khy Drop 007
kyliejenner,2024-06-13 04:17:26,4090597,8505,0,,ğŸ™‚
kyliejenner,2024-06-11 15:40:21,5393209,8505,0,,a sprinter summerrrr ğŸ’™ @drinksprinter
kyliejenner,2024-06-10 19:06:33,3454951,8203,0,,pick your flavor @drinksprinter
kyliejenner,2024-06-09 21:06:22,4485199,4005,0,,for liiiiife. â™¾ï¸â™¾ï¸ @staskaranikolaou ğŸˆ
kyliejenner,2024-06-09 18:58:48,3823515,8219,0,,
kyliejenner,2024-06-08 23:43:19,6073667,12430,0,,wishin i was still hereee â˜€ï¸
kyliejenner,2024-06-08 16:07:20,3203900,7160,0,,morninggggg @alo
kyliejenner,2024-06-07 15:52:43,4038340,14344,0,,did someone say they missed king kylie
kyliejenner,2024-06-06 22:01:02,1273525,2725,0,,JUST DROPPED ğŸ©¶ğŸ©·ğŸ§¡â¤ï¸ @khy khy.com
kyliejenner,2024-06-06 17:13:38,2132237,4169,0,,just dropped: new colorrrsss for the summa in our innovative sueded stretch fabric that perfectly molds to your body in all the right places AND feels like butter. khy.com @khy
kyliejenner,2024-06-05 15:08:49,1273693,2627,0,,all new colooorssss coming TOMORROW 9am pst ğŸ©¶ @khy preview drop 006 now on KHY.com
kyliejenner,2024-06-04 15:34:18,1402112,3463,0,,coming soon: drop 006 | the return of day to night. dropping thursday 06/06 at 9AM PST. sign up for early access + preview now at khy.com
kyliejenner,2024-06-03 15:00:34,3896067,6166,0,,core memories
kyliejenner,2024-06-02 14:44:27,6453212,12680,0,,mallorca
kyliejenner,2024-06-02 00:12:46,5902260,11013,0,,â™¾ï¸
kyliejenner,2024-06-01 16:30:45,4920890,14294,21054418,,@kendalljenner ğŸ«‚
kyliejenner,2024-05-27 15:54:59,1515373,10090,0,,all i need for the weekend @drinksprinter
kyliejenner,2024-05-25 18:10:30,1253232,5290,0,,on the go with @drinkglow
kyliejenner,2024-05-24 23:45:05,3534872,6168,0,,@drinksprinter @drinksprinter @drinksprinter
kyliejenner,2024-05-24 21:39:16,2802889,4568,0,,catch us if u can @drinksprinter
kyliejenner,2024-05-23 18:37:10,1212506,6038,8034704,,part 2 on @staskaranikolaou page ğŸ¤­ğŸ¤­ğŸªğŸª
kyliejenner,2024-05-20 17:34:18,850324,3628,4620612,,"ahhh SUPPLE KISS LIP GLAZE drops TOMORROW @ 9am pst on KylieCosmetics.com @kyliecosmetics
âœ¨ï¸ up to 12 hours of hydration and shineâ 
âœ¨ï¸ features an innovative bouncy-wrap tech formula that gives the lips a cushiony feelâ 
âœ¨ï¸ tapered, flexible doe foot applicator for precise applicationâ 
âœ¨ï¸ 6 shades that give the lips a gorgeous glowâ "
kyliejenner,2024-05-16 16:30:52,1049990,4077,0,,SUPPLE KISS LIP GLAZE ğŸ¤ because you know i love a juicy lip ğŸ‘„ ğŸ’¦ 6 new shades coming May 21st kyliecosmetics.com
kyliejenner,2024-05-15 16:28:22,1219066,3069,0,,introducing SUPPLE KISS LIP GLAZE. supple and hydrated lips that glow ğŸ’‹ coming may 21 @kyliecosmetics
kyliejenner,2024-05-12 17:48:38,6079426,10471,0,,ğŸ¤
kyliejenner,2024-05-11 02:53:48,8993968,18607,0,,sister work day @drinksprinter @drink818
kyliejenner,2024-05-10 21:42:39,5716557,14111,0,,hiiiiiiiiiii
kyliejenner,2024-05-09 16:04:39,2420874,5500,0,,just dropped my favorite sweats in all new spring colors + styles on KHY.COM now ğŸ’šğŸ©·ğŸ¤ @khy
kyliejenner,2024-05-08 15:58:25,5022066,10583,0,,felt like a princess ğŸ¥¹ğŸ¥¹ğŸ¥¹ğŸ‘¸ğŸ»
kyliejenner,2024-05-07 03:53:08,4753226,13125,0,,@oscardelarenta for the MET
kyliejenner,2024-05-07 03:35:48,998146,3071,4908803,,MET 24 @oscardelarenta
kyliejenner,2024-05-03 15:06:22,3112831,7003,0,,oh how time flies ğŸ©µâ¤ï¸
kyliejenner,2024-05-01 19:53:26,1038237,4035,0,,@drinkglow
kyliejenner,2024-04-25 16:00:02,2974995,7350,0,,drop 005 is hereeeeee ğŸ¤ shop the perrrrfect denim & tees on khy.com @khy
kyliejenner,2024-04-25 05:56:54,1509236,3448,0,,@khy drop 005 in collaboration with @natashazinkomagazin launching TOMORROW 9am PST. preview the collection and sign up for early access now on khy.com
kyliejenner,2024-04-24 16:36:20,1723572,5104,9387196,,my new powder blush sticks just launched in 6 beauuuutiful shades. now available on kyliecosmetics.com @kyliecosmetics ğŸ’“ğŸ’“ using shade â€˜hey sugarâ€™
kyliejenner,2024-04-20 17:03:49,2658020,6515,0,,POWDER BLUSH STICKS ğŸ’“ğŸ’“ forever a blush girl. my new cream to powder formula by @kyliecosmetics coming APRIL 24 in 6 beautiful shades kyliecosmetics.com
kyliejenner,2024-04-18 17:13:51,305558,2257,2808637,,POWDER BLUSH STICKS ğŸ’“ iâ€™m sooo excited and proud of our new innovative cream-to-powder formula. she gives the most beauuutiful and effortless color payoff leaving the perfect blurred soft-matte finish. ahh i canâ€™t wait to share with you guys on APRIL 24 kyliecosmetics.com! you can neverrr have enough blush. â˜ºï¸ @kyliecosmetics
kyliejenner,2024-04-12 21:25:19,2715996,9031,0,,ğŸ‘€ğŸ§¡
kyliejenner,2024-04-10 14:40:33,5281435,12013,0,,happy era
kyliejenner,2024-04-10 00:55:58,5203680,6034,0,,spring is in the air ğŸŒºğŸŒ¸ğŸŒ·ğŸ’
kyliejenner,2024-04-09 17:00:35,3673355,5026,0,,ğŸŒ”ğŸŒ“ğŸŒ’ğŸŒ‘
leomessi,2024-06-21 02:59:42,7617819,63539,0,,Primer paso ğŸ‡¦ğŸ‡·
leomessi,2024-06-19 08:00:14,1619512,9245,4694398,,"crest on the heart, boots in gold. â€‹
ready. let's go! ğŸ’ª â€‹
â€‹
el escudo en el corazÃ³n, botines en oro. â€‹
listo. vamos! ğŸ’ªâ€‹"
leomessi,2024-06-19 01:44:50,6583121,30430,0,,
leomessi,2024-06-18 15:04:07,1298094,5206,5445632,efootball pr efootball pr,"Â¡Ya estÃ¡n disponibles dos versiones diferentes de mi tarjeta de eFootballâ„¢ï¸ 2024!
Una recrea el inolvidable partido en el que salimos campeones de AmÃ©rica en 2021. En la otra, estoy vistiendo el nuevo uniforme de la selecciÃ³n. ğŸ•º
Â¡Voy a darlo todo con esta nueva camiseta para quedarnos la copa!
Como parte de una campaÃ±a especial, Â¡vas a recibir la tarjeta con la nueva camiseta de la selecciÃ³n solo por iniciar sesiÃ³n en el juego ahora mismo!
#eFootball #PR

Two different versions of my card are now available in eFootballâ„¢ï¸ 2024! One card recreates the unforgettable match where we were crowned champions of South America in 2021; The other one has me wearing the newest national team strip.
I am ready to give everything I have to keep the South American crown with this new strip!
As part of a special campaign, you will receive the card with the newest national team strip just by logging in to the game right now!
#eFootball #PR"
leomessi,2024-06-18 04:19:46,4735276,27679,0,,
leomessi,2024-06-17 15:01:44,440318,2606,3546040,mastercardambassador mastercardambassador,"Â¡Estoy muy contento de compartir una nueva Experiencia Priceless junto a @mastercardlatam! En esta CONMEBOL Copa AmÃ©rica los sueÃ±os de muchos chicos y chicas se van a hacer realidad al tener la oportunidad de acompaÃ±ar a sus Ã­dolos en la cancha.
DescubrÃ­ cÃ³mo tu hijo o hija puede vivir esta y mÃ¡s experiencias cortesÃ­a de Mastercard en www.priceless.com/futbol. Â¡Nos vemos en la cancha! âš½ï¸ #MastercardAmbassador. Aplican tÃ©rminos y condiciones

Iâ€™m excited to share a new Priceless Experience with @mastercardlatam! In this CONMEBOL Copa AmÃ©rica the dreams of many children will come true as they have the opportunity to accompany their idols on the field. Find out how your son or daughter can live this and more experiences courtesy of Mastercard at www.priceless.com/soccer. See you on the field! âš½ï¸ #MastercardAmbassador. Terms and conditions apply"
leomessi,2024-06-16 13:00:09,917701,3819,5205764,,"Â¡Loweâ€™s y yo tenemos una LINDA ASISTENCIA para vos! âš½ğŸ¤â€‹
Gracias a mi alianza con Loweâ€™s, cuando haga una asistencia durante la CONMEBOL Copa AmÃ©rica USA 2024â„¢ï¸, los miembros de los programas de lealtad de Loweâ€™s ganan 10 veces mÃ¡s puntos.â€‹
ActivÃ¡ esta oferta en Lowes.com o en la app de Loweâ€™s desde el 20 de junio, y preparate para hacer tus compras al dÃ­a siguiente despuÃ©s de que dÃ© una asistencia y anotate esos puntos extra. â€‹
VisitÃ¡ Lowes.com/Messi para mÃ¡s detalles.

Loweâ€™s and I have a NICE ASSIST for you! âš½ï¸ğŸ¤
Thanks to our partnership, Loweâ€™s loyalty members can earn 10x points when I make an assist during CONMEBOL Copa AmÃ©rica USA 2024 Tâ„¢ï¸.
Starting June 20th, activate this offer on Lowes.com or the Loweâ€™s app, and be ready to shop the next day after I make an assist during a match to score extra points.
Visit Lowes.com/Messi to learn more."
leomessi,2024-06-15 02:35:51,5882233,32639,0,,Todos Juntos ğŸ‡¦ğŸ‡·
leomessi,2024-06-14 16:00:37,4098792,19455,0,masbymessi,"Â¡LlegÃ³ el dÃ­a! Hoy es el lanzamiento oficial de @masbymessi. Esta innovadora bebida hidratante de PrÃ³xima GeneraciÃ³n viene en cuatro increÃ­bles sabores, y tiene el equilibrio perfecto entre electrolitos, vitaminas y minerales, con solo 10 calorÃ­as. 
 
SÃ© uno de los primeros en probar MÃ¡s+ y registrate para conseguir el Producto Debut â€“ un paquete de 8 de ediciÃ³n especial limitada disponible exclusivamente en masbymessi.com, donde tambiÃ©n vas a poder registrarte para probar MÃ¡s+ en lata prÃ³ximamente. La oferta es limitada, Â¡asÃ­ que movete rÃ¡pido!
 
Â¡No puedo esperar a que todos prueben MÃ¡s+ y espero que les guste tanto como a mi familia y a mÃ­!

#masbymessi 

Today is the day! @masbymessi officially launches. My Next Generation Hydration Drink comes in four amazing flavors, and what I believe is a perfectly balanced blend of electrolytes, vitamins and minerals with only 10 calories.
 
Be one of the first to get a taste of MÃ¡s+ and sign up to get the debut drop â€“ a special Limited Edition 8-pack exclusively at masbymessi.com, where you can also sign up for MÃ¡s+ in cans coming soon. Supply is limited, so move fast!
 
Canâ€™t wait for you all to try MÃ¡s+ and hope you love it as much as my family and I do!"
leomessi,2024-06-13 16:00:08,3280356,32031,15962145,superioraccess copaamerica superioraccess copaamerica,"ğŸ¤£ @luissuarez9 no puede ayudarte. Solo @michelobultra te puede dar #SuperiorAccess a la #CopaAmerica. ğŸº Â¡Registrate hoy para tener la oportunidad de ganar!

ğŸ¤£ Sorry but @luissuarez9 canâ€™t help you. Only @michelobultra can give you #SuperiorAccess to #CopaAmerica. ğŸº Sign up today for a chance to win!"
leomessi,2024-06-12 16:22:23,5339081,24806,0,,"No hay ningÃºn lugar donde no se pueda jugar al fÃºtbol. âš½ğŸŸï¸ğŸ™ï¸ LÃ­nea de calzado Messi F50 Freestyle de @adidasfootball, disponible desde el 15 de junio.

There is no place to not play football âš½ğŸŸï¸ğŸ™ï¸ @adidasfootball Messi F50 Freestyle shoe collection, available as of June 15."
leomessi,2024-06-12 03:35:13,6571927,44721,0,,ğŸ‹ğŸ»â€â™‚ï¸âš½ï¸ğŸ‡¦ğŸ‡·
leomessi,2024-06-11 15:02:42,1098156,15384,4799594,quelindoserhinchadeargentina,"ğŸ’™AcÃ¡ los llevo a cada uno de ustedes y les pido una sola cosa, que nunca dejen de alentarnos. Vamos todos juntos de nuevo.
 
#QueLindoSerHinchaDeArgentina
 @YPFOficial
 
ğŸ’™Here I carry each one of you and Iâ€™m asking for just one thing: never stop encouraging us. Letâ€™s do this together again."
leomessi,2024-06-10 13:59:11,773192,6641,13172252,priceless priceless,"When the game you love, loves you back: #priceless

Cuando el amor al fÃºtbol va mÃ¡s allÃ¡ del estadio: #priceless"
leomessi,2024-06-06 01:05:12,8343155,66061,0,,ğŸ‡¦ğŸ‡·ğŸ‡¦ğŸ‡·
leomessi,2024-06-04 15:01:24,4023390,22190,0,masbymessi,"Creamos @masbymessi porque querÃ­a una bebida que pudiera compartir y disfrutar con mi familia, amigos y compaÃ±eros. Quiero gradecerle a mi familia por haberme acompaÃ±ado en este proceso como uno de los fundadores de MÃ¡s+. VisitÃ¡ masbymessi.com para conocer mÃ¡s sobre la historia y registrate para acceder a la preventa. Estamos emocionados de compartir HidrataciÃ³n Positiva con ustedes muy pronto. ğŸ’ª

We created @masbymessi because I wanted a drink that I could share and enjoy with my family, friends and teammates. I want to thank my family for joining me on this journey as a founder of MÃ¡s+. Head toÂ masbymessi.comÂ to find out more about our story and sign up for early access. We are all very excited to share Positive Hydration with you soon.Â ğŸ’ª
Â 
#masbymessi"
leomessi,2024-06-03 14:48:41,5647551,340186,0,iconsarg iconsfcb iconsmia iconsarg iconsfcb iconsmia,"Junto a mi partner exclusivo de memorabilia, Icons.com, estamos regalando tres camisetas de mi colecciÃ³n oficial de merchandising autografiado. Los premios son: una camiseta oficial del Mundial de la FIFA; una del FC Barcelona, y una del Inter Miami CF, todas firmadas y enmarcadas. Para poder ganarte una tenÃ©s que seguir a @icons_memorabilia y ademÃ¡s comentar con alguno de estos hashtags: #IconsARG, #IconsFCB o #IconsMIA. Â¡Buena suerte! *Aplican tÃ©rminos y condiciones.

Iâ€™m giving away three shirts from my Official Messi Signed Merchandise collection with my exclusive memorabilia partner, Icons.com. 
The prizes are as follows: a FIFA World Cup shirt, an FC Barcelona shirt and an Inter Miami CF shirt, all of which are official, signed and framed.
To be in with a chance of winning one of the prizes, you need to follow @icons_memorabilia AND comment either #IconsARG, #IconsFCB OR #IconsMIA. Terms and conditions apply. Good luck!"
leomessi,2024-06-03 14:00:42,1682162,5082,8218752,,approved by the fastest on the planetâœ…
leomessi,2024-06-02 15:21:48,5222095,25280,0,,
leomessi,2024-05-31 14:02:24,1118100,9726,3555400,yougotthis,"Play like no oneâ€™s watching. Itâ€™s you, your team and the ball.

JugÃ¡ cÃ³mo si nadie te mirara. Son vos, tu equipo y la pelota.

#YouGotThis"
leomessi,2024-05-28 15:41:35,1143391,12151,5140283,,"Muy feliz de ver a tanta gente visitando @themessiexperience en Miami. Â¡Gracias por los comentarios tan positivos y prepÃ¡rense porque estamos estrenando Los Angeles y Buenos Aires en solo unas semanas! ConseguÃ­ ya tus entradas en el enlace de la bio.

So happy to see so many people visiting @themessiexperience in Miami. Thank you for all the great feedback! Get ready for the launches in LA and Buenos Aires in just a few weeks! Get your tickets now via the link in my bio."
leomessi,2024-05-26 13:30:53,5153930,25695,31322502,badboys badboys,"Pateando con los chicos. #BadBoys

Kickinâ€™ it with the boys. #BadBoys"
leomessi,2024-05-24 16:13:50,1496773,23856,7101542,masbymessisweepstakes masbymessisweepstakes masbymessi,"SeguÃ­ a mi nueva bebida de HidrataciÃ³n Positiva @masbymessi y vas a tener la posibilidad de ganar un viaje para dos a Miami para ver un partido y conocernos compartiendo MÃ¡s+ juntos. ğŸ™Œ
 
Para participar:
1ï¸âƒ£ Registrate en masbymessi.com - enlace en la bio
2ï¸âƒ£ SeguÃ­ a @masbymessi
3ï¸âƒ£ EtiquetÃ¡ un amigo que te gustarÃ­a que viaje con vos y dejÃ¡ un comentario con #MasByMessiSweepstakes
*Ver las reglas oficiales para mÃ¡s detalles

Follow @masbymessi, my new Positive Hydration drink, for the chance to win a trip for two to Miami to attend a match and to meet me sharing MÃ¡s+ together. ğŸ™Œ

To enter:
1ï¸âƒ£ Sign-up at masbymessi.com - link in bio
2ï¸âƒ£ Follow @masbymessi 
3ï¸âƒ£ Tag the friend you want to bring and comment #MasbyMessiSweepstakes
*See official rules for details

#masbymessi"
leomessi,2024-05-23 17:58:57,6189408,45231,0,,"EncontrÃ© el auto con la velocidad que busco. ğŸ˜‰
Found the ride that matches my ğ‘­ğ’‚ğ’”ğ’•. ğŸ˜‰"
leomessi,2024-05-22 19:27:58,7902525,64086,0,,
leomessi,2024-05-19 02:24:42,5153580,25072,0,,âš½ï¸ğŸ™Œ
leomessi,2024-05-17 14:00:02,2758527,11514,0,,itâ€™s time to bring it back. youâ€™re welcome. ğŸ™‚â€â†•ï¸
leomessi,2024-05-13 20:04:26,749870,6457,4307464,masbymessi,"Estaba con muchas ganas de poder contarles el nombre de mi nueva bebida: MÃ¡s+ by Messi. Este nombre tiene un significado especial porque representa lo que siempre fue mi vida y carrera: tratar siempre de dar un poco mÃ¡s. Creo que muchas veces podemos intentar dar un poco mÃ¡s, y lograr mÃ¡s de lo que uno cree posible, siempre pensando en positivo. MÃ¡s+ es igual a hidrataciÃ³n positiva. ğŸ’ªğŸ»â•
DescubrÃ­ mÃ¡s en @masbymessi y conseguÃ­ acceso prioritario con el enlace en mi bio.

Iâ€™m excited to finally reveal the name of my new drink: MÃ¡s+ by Messi. This name captures what my life and career have always been about: mÃ¡s means more. I believe we can always give a bit more, and Iâ€™ve achieved more than I thought was possible by thinking positively. MÃ¡s+ is positive hydration.Â ğŸ’ªğŸ»â•
Find out more at @masbymessi and get early access through the link in my bio.Â 
#masbymessi"
leomessi,2024-05-12 14:21:30,3710176,19118,0,,
leomessi,2024-05-09 16:04:04,2686135,21829,13446590,,"La hidrataciÃ³n es esencial, pero una buena hidrataciÃ³n no es tan fÃ¡cil como parece. Por eso decidÃ­ crear una nueva bebida con una combinaciÃ³n de electrolitos y vitaminas, y con sabores espectaculares. No puedo esperar para compartir mÃ¡s con ustedes pronto.

Hydration is essential. But good hydration is easier said than done. Which is why I decided to work on a new drink with a blend of electrolytes and vitamins, in amazing tasting flavors. I canâ€™t wait to share MORE with you all soon!"
leomessi,2024-05-07 14:00:03,836257,6358,5652475,cometogether unitybyhardrock cometogether unitybyhardrock,"#ComeTogether over #UnityByHardRock! Unity is a global loyalty program like no other. Earn rewards globally and redeem for unforgettable hotel experiences, wining and dining, spa days, and Rock Shop swag all across the ğŸŒ. Are you in? Link in bio at @officialhardrock
â€”Â 
#ComeTogether sobre #UnityByHardRock! Unity es un progama de fidelizaciÃ³n global como ningÃºn otro. Gana recompensas al nivel mundial y redime experiencias inolvidables en hoteles, deliciosas comidas y bebidas, los mejores juegos de su clase, dÃ­as de spa y artÃ­culos de Rock Shop en todo el ğŸŒ.Â  Â¿Te animas? Link en el perfil @officialhardrock"
leomessi,2024-05-05 03:13:25,4355702,33519,0,,Otro triunfo importante como locales para seguir con nuestra buena racha ğŸ‘ğŸ˜ƒ
leomessi,2024-05-01 17:00:21,2546537,23116,12699036,,"Weâ€™ve been hard at work preparing for the launch of our new hydration drink, because hydration is so important for everyone and we want to make sure we get it right. Weâ€™ve just returned from the facility where we checked in on our progress, and learned exactly how my next-generation hydration drink is being made.

Seguimos trabajando, preparÃ¡ndonos para el lanzamiento de la nueva marca de bebida hidratante, porque para nosotros, la hidrataciÃ³n es algo clave. Muy entretenida la visita a la fÃ¡brica, conocimos cÃ³mo es el proceso de elaboraciÃ³n de esta nueva bebida saludable."
leomessi,2024-04-30 12:43:33,12475955,83679,0,,Familia & ğŸ€
leomessi,2024-04-28 02:10:05,5273068,33906,0,,Otra victoria mÃ¡s para seguir sumando!
leomessi,2024-04-26 16:09:34,4148716,22056,0,,ğŸ‘Ÿâš½ï¸ğŸ‘
leomessi,2024-04-21 03:27:32,5165609,34239,0,,Vamos @intermiamicf!!!
leomessi,2024-04-18 12:30:26,1310848,8294,0,,"I know the importance of a good assist and thatâ€™s why Iâ€™m happy to join Loweâ€™s, the most helpful home improvement company. And together, weâ€™re going to break another assists record. Today weâ€™re making history by assisting every Loweâ€™s loyalty member with 100 points for their next project*. Visit lowes.com to learn more. 

SÃ© la importancia de una buena asistencia y por eso estoy contento de unirme a Loweâ€™s, el lÃ­der en asistencias de mejoras para el hogar. Y juntos, vamos a romper otro rÃ©cord. Hoy haremos historia asistiendo a cada miembro de los programas de lealtad de Loweâ€™s con 100 puntos para su prÃ³ximo proyecto*. VisitÃ¡ lowes.com para obtener mÃ¡s informaciÃ³n."
leomessi,2024-04-16 13:00:12,1402950,11668,6365682,ohlays ohlays,"@leomessiÂ ğŸ¤Â @lays: grateful for so many years on the same team. #OhLays

@leomessiÂ ğŸ¤Â @lays:Â agradecido por tantos aÃ±os en el mismo equipo.Â #OhLays"
leomessi,2024-04-14 15:15:09,5090649,34053,0,,â•3ï¸âƒ£
leomessi,2024-04-07 14:30:24,4596267,28671,0,,
leomessi,2024-04-05 14:00:04,944214,6839,0,sorare fantasyfootball messi sorarerivals,"Â¿Sos fan? Demostralo en @Sorare Rivals. ğŸ
EntrÃ¡ al enlace en la bio de Sorare y seleccionÃ¡ tu once para mi prÃ³ximo partido de Inter Miami vs Colorado Rapids.
Â¡No te lo pierdas! Voy a elegir a un ganador que se llevarÃ¡ una camiseta de Argentina firmada por mÃ­. âœï¸ğŸ‡¦ğŸ‡·

Call yourself a fan? Prove it on @Sorare Rivals. ğŸ
Use the link in the Sorare bio and set your lineup for my next Inter Miami game vs Colorado Rapids.
Be quick! Iâ€™ll pick a lucky winner to win an Argentina jersey signed by me. âœï¸ğŸ‡¦ğŸ‡·
#Sorare #FantasyFootball #Messi #SorareRivals
*Terms and Conditions apply"
leomessi,2024-03-31 19:01:28,1217696,11316,7910358,,"The moment has arrived! Here is the story of how this project was born ğŸ™Œ
Today, this first edition that combines art, technology, and sustainability is now available.
More info in www.JoinThePlanet.earth â™»ï¸ğŸŒ

Â¡El momento llegÃ³! Les comparto la historia de cÃ³mo nace este proyecto ğŸ™Œ
A partir de hoy estÃ¡ disponible esta primera ediciÃ³n que combina arte, tecnologÃ­a y sustentabilidad.
MÃ¡s informaciÃ³n en www.JoinThePlanet.earth â™»ï¸ğŸŒ"
leomessi,2024-03-27 17:26:19,1130662,8791,5256373,,More is coming soon!
leomessi,2024-03-21 17:00:50,1836660,12311,0,mlsseasonpass mlsseasonpass,"La temporada reciÃ©n arranca. Suscribite usando el enlace en mi bio y conseguÃ­ un mes de prueba gratis del #MLSSeasonPass en Apple TV. 

The season is just getting started. Sign up using the link in my bio and get a One Month Free Trial of #MLSSeasonPass on Apple TV."
leomessi,2024-03-14 12:41:28,5231240,31656,0,,A cuartos!! ğŸ™Œ @thechampions
leomessi,2024-03-14 00:01:38,1757748,16902,7001771,,"Los campeones ya tienen nuevas camisetas! ğŸ‡¦ğŸ‡· â€‹

The champions have new Jerseys! ğŸ‡¦ğŸ‡·â€‹"
leomessi,2024-03-08 13:52:59,5153177,34142,0,,
leomessi,2024-03-03 17:43:40,7720387,34577,0,,Sos crack @bizarrap!! Hermosa noche con amigos. ğŸ™Œ
leomessi,2024-03-03 00:44:16,-1,42815,0,,Gran partido de todos y victoria en el ClÃ¡sico!!! ğŸ’ª
kendalljenner,2024-06-14 17:30:50,3573500,7131,0,,Mallorca
kendalljenner,2024-06-03 16:22:25,6002563,12569,0,,9pm sunsets ğŸ™
kendalljenner,2024-06-01 16:25:13,4455198,8402,0,,
kendalljenner,2024-05-26 16:08:39,1978685,5931,0,tommyfamily,"@TommyHilfiger
Â 
#TommyFamily"
kendalljenner,2024-05-21 19:44:18,3439443,8534,0,,@calzedonia swim by @cameron_hammond
kendalljenner,2024-05-20 03:00:21,3906231,9609,0,,
kendalljenner,2024-05-13 18:40:39,3005400,9702,0,,@fwrd summer by @cameron_hammond
kendalljenner,2024-05-10 17:46:11,2343176,7421,0,,"full video on @voguemagazine youtube
Well, Well, Well by @ninaljeti"
kendalljenner,2024-05-09 15:19:31,4629816,12843,0,,"10 years since i started my journey in this industry and iâ€™m feeling all the emotions, but mostly, gratitude. i came into it young, nervous, excited, eager and also, unsure of how it would all turn out. iâ€™ve seen the world and met so many incredible humans/creatives. modeling has changed my life. i am so grateful for the people who have believed in me along the way. proud of myself for working hard, staying true to me and taking care of my wellbeing. thank you Vogue and Anna for being constant supporters. iâ€™m living my dream. if i could go back and start all over i would do it again and just give my 17 year old self a hug and tell her itâ€™s all gunna work out! iâ€™d be so lucky to experience another 10+ years. the journey isnâ€™t over â¤ï¸ @voguemagazine 

shot by @mertalas @macpiggott"
kendalljenner,2024-05-08 15:06:11,4081743,9927,0,,"wearing this dress was a complete honor! 
thank you to the house of @givenchy for letting me pull such special archival pieces ğŸ¤
Givenchy by Alexander McQueen 1997"
kendalljenner,2024-05-07 20:38:32,5360222,17197,0,,"Met Gala 2024 @voguemagazine 
honored to reawaken this archival @givenchy gown by Alexander McQueen 1999"
kendalljenner,2024-04-21 00:53:43,3041749,4616,0,,ocean big me small
kendalljenner,2024-04-11 22:59:02,1491478,3557,0,,@voguemagazine by @colin_dodgson
kendalljenner,2024-03-31 22:00:03,6613802,17673,0,,dress of my dreams
kendalljenner,2024-03-26 20:32:00,3467054,7061,0,,@alo @alo @alo
kendalljenner,2024-03-19 20:02:29,2539681,3856,0,,hi spring
kendalljenner,2024-03-11 17:25:09,2506770,6211,0,,"@maisonmargiela at Vanity Fair last night 
@lorealparis"
kendalljenner,2024-03-08 21:22:23,4873323,9042,0,,ğŸ’‹ Paris
kendalljenner,2024-03-01 19:02:55,2317702,3762,0,tommyhilfiger,"@tommyhilfiger and friends â¤ï¸
#tommyhilfiger"
kendalljenner,2024-02-22 18:39:12,2386781,5275,0,,@alo
kendalljenner,2024-02-12 18:25:32,3364201,4460,0,,
kendalljenner,2024-02-09 23:13:07,1827514,4579,12106521,,"@drink818 college tour round 2!
Bama, UGA, and UF thank you for the love and support ğŸ¤"
kendalljenner,2024-01-30 16:56:48,2614710,7624,0,panoramamascara,my secret to breathtaking lashes @lorealparisÂ #PanoramaMascara
kendalljenner,2024-01-17 17:02:55,3808654,9156,0,,off to pilates @alo
kendalljenner,2024-01-08 20:55:40,4607118,10758,0,,ğŸ¥¥
kendalljenner,2024-01-04 18:53:35,7914996,34922,0,,ğŸ„â˜€ï¸ğŸ¥­ğŸŒ…
kendalljenner,2024-01-03 18:20:18,8951616,23205,0,,"years pass, and they seem faster and faster. presence and time is all i can ask for. so grateful for what has passed, so optimistic for whatâ€™s to come. go love on the people you hold close to your heart, and donâ€™t waste a second â¤ï¸
2024, shower me with love and laughter, gratitude and growth, patience and presence"
kendalljenner,2024-01-02 14:56:46,2929961,4773,0,,aspen with @fwrd by @seanthomas_photo
kendalljenner,2023-12-27 00:27:48,4669911,8649,0,,
kendalljenner,2023-12-19 19:29:43,3956006,10989,0,,turning into an (818) espresso martini
kendalljenner,2023-12-05 17:22:21,1715353,7380,0,bottegaveneta,ME AND PYRO FOR #BOTTEGAVENETA â€˜24
kendalljenner,2023-12-04 18:01:26,3664449,12175,0,,last night at the @academymuseum gala in @fendi couture
kendalljenner,2023-11-28 15:58:35,1565802,7215,0,,"thank you, thank you, thank you @forbes @forbesunder30 
@drink818"
kendalljenner,2023-11-20 16:53:17,6242402,17365,0,,@calvinklein
kendalljenner,2023-11-17 20:35:29,6116261,9294,0,,ğŸ‘µğŸ»
kendalljenner,2023-11-14 15:41:03,1605007,5545,0,,"whatâ€™s meant for me, will simply find me"
kendalljenner,2023-11-04 23:49:38,9203261,23880,0,,twenty ate
kendalljenner,2023-10-31 20:00:31,7070052,25487,0,,
kendalljenner,2023-10-30 17:29:49,4685480,9208,0,,@alo
kendalljenner,2023-10-29 16:22:45,6183482,17665,0,,happy birthday mister president
kendalljenner,2023-10-28 18:20:53,2550467,5545,0,,ğŸ£
kendalljenner,2023-10-14 17:32:26,1731925,24424,14315298,,"i â¤ï¸ college @drink818 
Ohio, Indiana, Illinois, Michigan thank you for the warm welcome ğŸ¥¹ğŸ«¶ğŸ¼"
kendalljenner,2023-10-05 16:54:59,6197419,47816,0,,â˜•ï¸
kendalljenner,2023-09-30 08:28:30,1680257,3878,0,,"closing @victoriabeckham ! 
thank you for including me in your beautiful show VB ğŸ¤"
kendalljenner,2023-09-28 19:38:17,3122434,6422,0,,"!!! closing @schiaparelli tonight 
love you @danielroseberry you legend â¤ï¸"
kendalljenner,2023-09-26 20:56:04,2575012,5285,0,,
kendalljenner,2023-09-08 17:51:18,6249799,12433,0,,
kendalljenner,2023-09-06 14:50:52,1514372,4531,0,,"@wmag September issue cover shot by @mertalas ğŸ¤
@saramoonves"
kendalljenner,2023-09-05 01:04:35,3035064,3704,0,,
kendalljenner,2023-09-01 15:26:54,2245070,5895,0,jeanfrancoispignon stellamccartney stellawinter23,"a special day with @stellamccartney shot by @harleyweir 

#JeanFrancoisPignon and his horses were nothing short of amazing. i felt so happy and calm all day. thank you for this experience Stella ğŸ¤

#StellaMcCartney #StellaWinter23"
selenagomez,2024-05-19 10:50:22,8017846,35,0,,"Thank you Cannes! Iâ€™m so honored to be a small part of something so special in Emilia PÃ©rez -Jacques, thank you from the bottom of my heart for believing in me. @zoesaldana @karsiagascon @edgarramirez25 and every single person apart of this film absolutely blew me away. Love you guys ğŸ¤"
selenagomez,2024-05-16 17:12:34,2330405,13,0,,Iâ€™m cooking with @StephanieIzard and @ChefKeithCorbin on the final two episodes of the season- tonight at 7pm on @FoodNetwork and @StreamOnMax.
selenagomez,2024-05-14 22:06:34,767458,12,5243177,onlymurdersinthebuilding,Only Murders returns August 27! #OnlyMurdersInTheBuilding
selenagomez,2024-05-09 20:33:27,3225928,20,0,,Some more cooking adventures including my own spin on Texas barbecue - tonight 7pm on @FoodNetwork and @StreamOnMax!
selenagomez,2024-05-02 18:06:21,2339363,22,0,,Catch the premiere eps of Selena + Restaurant  TONIGHT beginning at 7p/6c on @FoodNetwork and @StreamOnMax!
selenagomez,2024-05-02 00:09:10,1852236,23,0,,"Our 3rd annual @rarebeauty Mental Health Summit has me leaving inspired by the next generation, filled with so much hope, and grateful to each of you for being on this meaningful journey with us. Mental health means so much to me and Iâ€™m honored we get to share this mission with the world together.
Thank you to everyone who joined us and continues to use their voice for good! â™¥ï¸â™¥ï¸
ğŸ“·: @cindyord"
selenagomez,2024-05-01 02:20:12,5451500,20,0,,So proud of @itsbennyblanco - Open Wide is out now!!
selenagomez,2024-04-12 16:08:49,6966958,17,0,,homesick
selenagomez,2024-04-11 12:56:05,1676709,29,0,,"Iâ€™ve been waiting to show you guys this one!! Iâ€™m beyond grateful Emilia PÃ©rez, directed by Jacques Audiard, will premiere at @festivaldecannes in May! 

@whynotproductions_officiel
@pathefilms
@goodfellas_cinema
@zoesaldana
@karsiagascon
@edgarramirez25
@adytapaz"
selenagomez,2024-03-30 02:05:43,5529719,14,0,,Sissy date night
selenagomez,2024-03-29 22:41:25,1718255,15,16761354,,MY NEW NEW @rarebeauty
selenagomez,2024-03-28 15:00:00,1813384,11,11876595,,Pinch meeeeeeel Iâ€™m so excited my new @rarebeauty Soft Pinch Luminous Powder Blush is officially available @sephora and @spacenk ... and Iâ€™m even more excited I no longer have to keep it a secret
selenagomez,2024-03-26 16:29:35,2581370,14,0,thebear,"I want to thank @stevemartinreally and Marty (who hates social media) for truly being the most kind, gentle, warm and powerful influences in my life. You have shown me a level of class, intellect and humor that doesnâ€™t seem to be easy to find anymore. You guys are truly best friends to me forever. #thebear (inside joke)"
selenagomez,2024-03-25 13:00:00,2446239,18,0,,"Creating Soft Pinch Luminous Powder Blush with my @rarebeauty team has been a dream. I wanted to capture the way we look when we radiate with confidence, and this does just that. It combines Soft Pinchâ€™s weightless color and Positive Lightâ€™s glassy sheen to get the best of both worlds in a single powder. Coming March 28!"
selenagomez,2024-03-24 00:03:45,6154712,24,0,,Real
selenagomez,2024-03-17 18:59:58,6685494,16,0,,A @petrafcollins appreciation post ğŸ™ŒğŸ½ğŸ¤
selenagomez,2024-03-08 05:00:00,9172494,24,0,,"Happy birthday baby! Your emotional endurance, positive disposition, unbelievable talent (that blows me away), undeniable humor and loving, kind heart absolutely kill me. I love you @itsbennyblanco ğŸ‚ğŸ¥¹"
selenagomez,2024-03-06 23:41:50,5751353,20,0,,A dump ğŸ“¸
selenagomez,2024-02-24 00:00:00,4016536,19,25577074,,Youâ€™re what I wanna love on â™¥ï¸
selenagomez,2024-02-23 00:05:57,4305798,22,0,,lOvE On +
selenagomez,2024-02-22 23:00:11,3635503,14,28623240,,"Clock in, baby get to workâ€¦Â â€œLove Onâ€ is OUT NOW! â™¥ï¸"
selenagomez,2024-02-21 19:00:57,2607167,13,27268773,,â€œLove Onâ€ premieres tomorrow at 3 pm PT/ 6 pm ET/ midnight CET â™¥ï¸
selenagomez,2024-02-20 19:34:21,3790721,18,0,loveon,"Quâ€™est-ce que je vais te nommer?
Je vais te nommer. 
Lâ€™amour
Lâ€™amour tendre.
#LoveOn 2.22 â™¥ï¸"
selenagomez,2024-02-19 06:25:32,9182340,24,0,,40 hours. Paris. LOVE ON 2/22 ğŸ¤ğŸ”’
selenagomez,2024-02-15 17:01:04,2570942,29,0,,Wait â€˜til I turn my love on. Presave my new song â€œLove Onâ€ out 2.22
selenagomez,2024-02-14 18:01:41,3977026,17,0,,You guys will always be my true Valentine â¤ï¸
selenagomez,2024-02-12 23:31:56,12745808,29,0,,My bes fwend
selenagomez,2024-02-09 17:13:11,4739667,7,64363246,,"SOOâ€¦there are two fun things about my @rarebeauty Find Comfort Hydrating Hand Cream you might not know about that I wanted to show you!â€‹

1. The bottle twists to open so youâ€™ll never have a rogue hand cream cap in your bag ever again. â€‹
2. It doubles as a hand massager!"
selenagomez,2024-01-28 05:03:10,7846605,19,0,,ğŸŒ
selenagomez,2024-01-09 02:14:31,8713602,25,0,,@erinwalshstyle @marissa.marino @tombachik @makeupbymelissam @giorgioarmani @bulgari thank you for such a wonderful evening. Honored to be there in such good company.
selenagomez,2024-01-02 20:58:09,1831954,9,0,,Back to season 1! Iâ€™m so excited @onlymurdershulu will now be on @abcnetwork for all to watch! Grateful for a new year! Love you guys â™¥ï¸
selenagomez,2023-12-30 03:28:08,5661383,13,0,,Moments in time
selenagomez,2023-12-29 17:32:32,1695503,10,0,,Hiiii Toronto ğŸ«¶ @sephoracanada
selenagomez,2023-12-26 17:00:00,1420188,4,10772553,,"@rarebeauty Find Comfort Body Collection is now available in stores @sephora 

Iâ€™m really proud of this one and hope you find just as much comfort in the collection as I do. Love you guys!"
selenagomez,2023-12-24 03:57:03,6900513,15,0,,
selenagomez,2023-12-21 23:26:26,3050063,21,0,charlieburke sayewuo tomoyukiyonezu,"Thank you so much to @voguejapan and @voguemexico !! Honored to work with your team and be featured on the cover for the 25th anniversary of @voguejapan - itâ€™s a privilege to celebrate with you! â™¥ï¸â™¥ï¸

@voguejapan 
Photography: @michaelbaileygates 
Styling: @clare_byrne 
Hair: @marissa.marino at @aframe_agency 
Makeup: @kateleemakeup at @thewallgroup using @rarebeauty
Manicure: @tombachik at @aframe_agency
Production: @lolly_would
Set Design: @bigtimebowen
Tailor: @hasmik_scdinc
Global Talent Casting Director: @sergiokletnoy
Global Visual Director: @jillcaytan
Visual Director: @yukinosaurus
Associate Visual Editor: @fabbiolaromain
Senior Visual Editor: @ian_crane
Styling Assistants: #CharlieBurke #SayeWuo 
Special thanks to @karlamartineztv and @valecollado
Art Direction: #tomoyukiyonezu
Head of Editorial Content: @tiffanygodoypresents
Fashion Director: @emitothek
Fashion Features Editor: @yuisugiyama
Associate Fashion Editor: @masayougawa

@voguemexico 
FotÃ³grafo: @michaelbaileygates
RealizaciÃ³n: @clare_byrne
Entrevista: @acampoverdi
Peinado: @marissa.marino
Maquillaje: @kateleemakeup
Manicura: @tombachik
DiseÃ±o de set: @bigtimebowen
ProducciÃ³n: Helena Martel Seward
Director de entretenimiento: @sergiokletnoy
Head of Editorial Content: @karlamartinezdesalas"
selenagomez,2023-12-15 05:13:28,10735525,34,0,,"New York, my favorite moments w you this week ğŸ¤"
selenagomez,2023-12-11 14:00:04,4163363,14,0,,"Iâ€™ve always believed self-comfort is feeling good in your own skin.Â NoÂ pressure for perfect self-care regimens that often feel like an endless cycle of self-improvement; itâ€™s the tiny moments of comfortÂ thatÂ go a long wayâ€”and look different forÂ each of us.Â 

To me, being rare is about being comfortable with who you are. Itâ€™s about accepting yourself. Loving yourself. Being there for yourself so you can be there for the ones you love.Â 

This inspired me to create my new @rarebeauty Find Comfort Body Collection, body care that helps you feel good in your skin (and smells amazing too). I hope you find comfort in this collection â€“ whatever that looks like for you, because you deserve it. â¤ï¸"
selenagomez,2023-12-09 21:48:57,3830206,11,0,,"To more moments like theseâ€¦â˜ï¸ 

Canâ€™t wait to show you guys what weâ€™ve been working on!"
selenagomez,2023-12-07 15:15:44,6789136,19,0,,Thank you @wwd for honoring @rarebeauty and celebrating the real moments in beauty and wellness ğŸ¤
selenagomez,2023-11-30 21:35:10,1900846,10,20217966,,Cooked up some special holiday episodes of Selena + Chef on @foodnetwork 8p/7c everyÂ Thursday through 12/21. You can also watch on @streamonmax ğŸ³ğŸ¥˜ğŸ„
selenagomez,2023-11-26 18:31:39,3642373,10,0,,Trio
selenagomez,2023-10-10 13:00:00,2451510,191866,0,makearareimpact,"Today is World Mental Health Day (!!!) starting right now @sephora is donating 100% of @rarebeauty sales to the Rare Impact Fund for 24 hours only. â€‹

#MakeARareImpact today by shopping Rare Beauty only at Sephora. It would mean the world to me to have you join us in expanding access to mental health resources and support for young people around the world."
selenagomez,2023-10-06 14:00:10,5186263,28278,0,,"My heart is full after this weeks inaugural Rare Impact Fund Benefit. This has always been a dream of mine and Iâ€™m forever grateful to everyone who has joined us on this mission to expand mental health services and education for young people around the world. I am encouraged by the amount of love and support in the room. The future is bright, this is only the beginning. Love you all so much!

ğŸ“·: @gettyimages @stefaniekeenan @monicaschipper"
selenagomez,2023-10-04 10:01:23,3774771,28696,24269959,makeararelmpact,"This World Mental Health Day, October 10th, @sephora will be donating 100% of @rarebeauty sales to the Rare Impact Fund for 24 hours!
I started The Rare Impact Fund as part of our commitment to providing mental health resources and support to young people around the world. Since 2020, the Rare Impact Fund has expanded globally and provided resources to 25 grantees.
Please join me on October 10th by shopping Rare Beauty at Sephora, online or in-store. Together, we can #MakeARarelmpact ğŸ«¶ğŸ»"
selenagomez,2023-10-03 15:14:57,4490649,15445,0,,After 3 years. We were able to make our home cozy! @rarebeauty
selenagomez,2023-10-03 15:08:51,2578863,10969,0,,"This is such a surreal moment to see @rarebeauty on @fastcompanyâ€™s list of Brands That Matter. Thank you to everyone whoâ€™s been on this journey with us and helping us shift the narrative around beauty, self-acceptance, and mental health. It means so much to me."
selenagomez,2023-09-30 00:25:50,6943064,23102,0,,Paris was fun
selenagomez,2023-09-22 18:09:05,5471647,31833,35475447,,Instagram vs reality
selenagomez,2023-09-19 13:13:11,7679706,52960,0,,
